person,is
Nick,yes
Nick,yes
Nick,yes
Nick,yes
Nick,yes
Nick,yes
Nick,yes
Nick,yes
Nick,yes
Nick,yes
Nick,yes
Nick,yes
Nick,yes
Nick,yes
Nick,yes
Nick,yes
Nick,yes
Nick,yes
Nick,yes
Nick,yes
Nick,yes
Nick,yes
Nick,yes
Nick,yes
Nick,yes
Nick,yes
Nick,yes
Nick,yes
Nick,yes
Nick,yes
Nick,yes
Nick,yes
Nick,yes
Nick,yes
Nick,yes
Nick,yes
Nick,yes
Nick,yes
Nick,yes
Nick,yes
Nick,yes
Nick,yes
Nick,yes
Nick,yes
Nick,yes
Nick,yes
Nick,yes
Nick,yes
Nick,yes
Nick,yes
Nick,yes
Nick,yes
Nick,yes
Nick,yes
Nick,yes
Nick,yes
Nick,yes
Nick,yes
Nick,yes
Nick,yes
Nick,yes
Nick,yes
Nick,yes
Nick,yes
Nick,yes
Nick,yes
Nick,yes
Nick,yes
Nick,yes
Nick,yes
Nick,yes
Nick,yes
Nick,yes
Nick,yes
Nick,yes
Nick,yes
Nick,yes
Nick,yes
Nick,yes
Nick,yes
Nick,yes
Nick,yes
